,Phosphatidylethanolamine,Phospholipid,Cholesterol,Cardiolipin,Sphingosine,Cholesterol ester,Dsg-Phosphatidylinositol,L-alpha-Phosphatidylinositol,L-alpha-Phosphatidylglycerol,Lyso-Phosphatidate,Phosphatidylcholine,Triglyceride,Palmitic Acid,Stearic Acid,Docosahexaenoic Acid,Omega-3 25-5,Ceramide 24-0,Ceramide 22-0,Ceramide 24-1,Phosphatidylcholine 18-1,Phosphatidylethanolamine 18-1,"Ceramide 18-1,22-0","Deoxyceramide 18-1,24-1","Deoxyceramide 18-1,16-0","Dihydroceramide 18-0,14-0"
2700.0,0.015953002721620473,0.03472582194305647,0.034250621833136645,0.033500804680109866,0.040556522391694154,0.042721116144641046,0.03835097447174433,0.0370817519033783,0.0404572099403967,0.01659625799185834,0.03363416154043763,0.019663468137683122,0.024588749161358055,0.02111099246399775,0.0,0.005769464401404378,0.03586868090393558,0.038290823875456924,0.011000786666275434,0.05104090163540848,0.06254714499547194,0.04752197265451981,0.024201636012034917,0.027763297750352307,0.02035253422051172
2706.6666666666665,0.0271599333288135,0.04115157962150173,0.035156242038186805,0.040575062391609074,0.04728825364563101,0.0580509598246759,0.0467021634025698,0.047029856932272726,0.05268255624702317,0.03449079896847042,0.04585396331706545,0.026863990198874796,0.030738435934221254,0.029959069514195615,0.0011485597336771782,0.013409145681071679,0.04653272515852777,0.04747456227083915,0.02305391615841714,0.060224311806591345,0.07149634027307596,0.05797540922390867,0.0343489670167427,0.03760559490767803,0.029733866000437925
2713.3333333333335,0.035807621914821494,0.04476245582192401,0.050727619185011584,0.05183070233919858,0.05903984512572947,0.08438909087195744,0.05958806307318543,0.06318480712857709,0.07186060397863739,0.04069753726358248,0.06057634692220043,0.0359670825080669,0.04023096363752252,0.04512863325246579,0.003880237825254162,0.012303171639428246,0.05781477261176408,0.05976407361253405,0.03562952956732469,0.06959075091490712,0.08012520103451305,0.0733305525618853,0.03876437424106107,0.05137600789576847,0.05194810482746272
2720.0,0.04512133754756385,0.05434476173129103,0.05074026934567399,0.05946078271122939,0.0716555779940721,0.07199587569107402,0.06344619161136016,0.07483906897077007,0.07582632415230921,0.040100424056813515,0.06837255749588463,0.04277824186473802,0.057280268474576936,0.06430713448247137,0.011222585156312132,0.03951464371849701,0.06833718046018845,0.07074821334472618,0.047085973029112854,0.07572954889862266,0.08510269516405561,0.09038641526648826,0.05408825958821769,0.06160803251630683,0.06958542494891304
2726.6666666666665,0.05176836627428969,0.05709840447709537,0.03703260915628479,0.06323191805332236,0.07664147090205228,0.07032486731519691,0.07328249819311418,0.07801305496096103,0.08245619049315163,0.049626520141437515,0.07268109513550713,0.05285499947693448,0.06905334214819521,0.06577624221595801,0.020679282355761153,0.0376474461514598,0.06847117946411177,0.07075268327899455,0.05057807494148391,0.07772492324400707,0.09055080259697797,0.08848944036483138,0.054530209554555606,0.0710058691137911,0.07166874926777875
2733.3333333333335,0.04611123042426491,0.06257335224359077,0.03792908848915178,0.06158381997948537,0.06018815264917597,0.06061466224857574,0.06299187016175785,0.06876744838108291,0.07498026727985248,0.048081131458147776,0.06251457804647947,0.057063432524006454,0.05496956208360988,0.04583475855733046,0.014947540022594357,0.02935670417485821,0.050922469542732614,0.05263076119337091,0.031917239911624755,0.0725417088989895,0.08519483407176835,0.06618730106892774,0.03756732513013323,0.05173018204614562,0.044465243898908616
2740.0,0.024195561447622586,0.055800569605693864,0.039758659148961685,0.04826723465348885,0.03871103917752386,0.05126921297782017,0.04717241190033291,0.0520911519067844,0.05060912874444158,0.023740692148622858,0.046494473398744386,0.04876847152127936,0.03290843030261293,0.028893288471443332,0.009805492317944477,0.020722526498851673,0.03539190769932932,0.03682950842900686,0.013216713062761806,0.05780831063943011,0.0706030083069156,0.04768107796258544,0.02139489125728694,0.03221165950129217,0.022200409334551124
2746.6666666666665,0.01995380399731045,0.05228934183285353,0.03556027275518903,0.03794469998892771,0.030085156298563943,0.04618081215744035,0.03510385286899915,0.04150998632290013,0.04445134016842991,0.015663205767917843,0.03490229423953496,0.037998861612030005,0.022640107008632844,0.02160898680586174,0.009494833723010373,0.007904503257796978,0.02890911643001722,0.030553080251548737,0.007065318466146173,0.05035837634766926,0.059872383291704426,0.045173128944676115,0.015237875690206303,0.025694176917670133,0.016590206384163423
2753.3333333333335,0.013530497728836232,0.05026293340104857,0.034708982091991546,0.030158654305291605,0.02988984435519398,0.04736327084296623,0.02984563240225839,0.035028040360559745,0.03306763193594979,0.001158353278701607,0.028278834491502508,0.02643721318174227,0.01846378676127492,0.018395076985888145,0.011162409920186555,0.0,0.025607701049973643,0.029149771703533552,0.0017255089949761283,0.0461318376816073,0.05501445555486137,0.04355387171974517,0.010810721294071643,0.02149773813720976,0.008862002383292478
2760.0,0.012809146999706145,0.04686754327303369,0.038527426431395576,0.026652257014310333,0.030280148844640337,0.04332696321545463,0.022067382470067176,0.03313838530297608,0.028573810927754698,0.0040889677101870504,0.026074997096901815,0.019085163849473126,0.01702018572756665,0.017525890088156023,0.011194842628194675,0.007689247310251622,0.024535717398195933,0.02598138485577183,0.0028531710233549116,0.04320419607653972,0.054114341288593756,0.0394090903738198,0.010836688007390464,0.018727249300867752,0.0061312211113973974
2766.6666666666665,0.0029615190242250657,0.044276012443313785,0.02955064713611431,0.02640887542869642,0.03193561205611389,0.04043974152469576,0.025181189008514807,0.033080986197049,0.02962779561460212,0.0,0.0237070151513877,0.016111129971528096,0.015064245072840068,0.014966952858548937,0.01782442248334215,0.007055763625894519,0.022461483677843907,0.025323405149393317,0.0,0.04364904713881194,0.053366651317557245,0.03584117486377098,0.010758261023916553,0.017368147424305324,0.0012653745112540986
2773.3333333333335,0.0,0.03964136918374055,0.025741819251958318,0.027916275798764774,0.028538363594386648,0.033675434412631614,0.02042469590637504,0.032448559313677294,0.03022506014741522,0.007859120315557336,0.026382302827653855,0.01600117104383565,0.014407010697746999,0.013625716146039172,0.02405639732798891,0.038047867853183474,0.021091889930102886,0.02306388860582615,0.0004571133200086323,0.044120731383503815,0.05470052147181195,0.03516076305690205,0.006751658953066852,0.018155434176884627,0.0
2780.0,0.0068851096466704285,0.041158124389595756,0.024711876087082633,0.030429137472109038,0.028036288514292455,0.02978999413883518,0.02234975630410155,0.034056623372875565,0.03053557891738188,0.003426016956645237,0.028813442731115385,0.015608713654454069,0.01532150253040098,0.01429204772627456,0.032619698928234436,0.025637426424291516,0.02151473231723158,0.02348409745312285,0.0014613262144912472,0.04649004629592512,0.05969389302650704,0.03585874563523645,0.006225189397337235,0.01783574573760931,0.002875048016147669
2786.6666666666665,0.013983679516699947,0.04280956820398311,0.025139480395127,0.03694987743256474,0.028655315226849755,0.03663413677281796,0.030447679643173232,0.03909600062370937,0.037667998788038094,0.008626616852536727,0.03439939647319704,0.017110162616007445,0.018522055990949162,0.01570084043263111,0.04035109750625908,0.04108143753420438,0.022842046790359106,0.02448001804326846,0.0071863947756481234,0.053395480408033325,0.06420057710514072,0.03835934833202426,0.01158963418749856,0.020819016202194618,0.004657541328169651
2793.3333333333335,0.017206906079490363,0.047832536696408905,0.02877113919581592,0.0410378366594303,0.03151563801845159,0.04216834605928586,0.03209995638882109,0.044552833255359636,0.04555017333003667,0.013688652349881267,0.039940589817134664,0.018343365892912914,0.0219240062864956,0.01945439492751613,0.04761335574395525,0.05957169168365755,0.024729254615225512,0.025394965864879673,0.011911211881122926,0.06121730272487866,0.07355349657209428,0.04160984625189467,0.015985149216645053,0.023195242630873785,0.006953706499269227
2800.0,0.022416180947403712,0.05537844689585555,0.028534980594389806,0.0444549178383521,0.03159349524418168,0.049356175126803244,0.037482806200419314,0.04891642958682468,0.048733072611353005,0.021574537527347462,0.04833207533084933,0.019678386398998583,0.0255966306036317,0.021934846898348244,0.05490389117216987,0.07450724211919064,0.027974800591044482,0.028399539035846882,0.01849795588916251,0.06931390115560708,0.07986093209475748,0.04542417729168062,0.022214081348468105,0.027185198014082028,0.011722720596541029
2806.6666666666665,0.028205396549927146,0.05864614222569991,0.03528948948411688,0.05105427745464568,0.038182955055961795,0.058573209396151724,0.04146081035744394,0.05530632181743529,0.05603924931779574,0.023601917613142846,0.05779958294942734,0.023378501911285435,0.030086036417710436,0.028029484388827373,0.07160276512205531,0.0698246168904817,0.03293208134568162,0.033538184108471765,0.022371530874573477,0.07393098599547437,0.08182898029657656,0.050707916349722104,0.023625999059594067,0.0317548001832288,0.020654742935041583
2813.3333333333335,0.042410366059079545,0.06788073071653292,0.046434121998367335,0.06386114126722921,0.048637692080449914,0.07800632866489018,0.05355128613351935,0.06911402176846394,0.06598837147226708,0.03391731927085532,0.07213663117901861,0.030002401950041363,0.03471529847242942,0.032954700635495965,0.09766782409391926,0.11664833042524349,0.04160489723660245,0.04051192457568661,0.03513984342497423,0.08584891853692027,0.08876015673483774,0.05959486230976751,0.029165383355008977,0.038299376693795247,0.03149358966754309
2820.0,0.05956461018066064,0.07631007897675973,0.0784745501080814,0.0870862650490322,0.06800538893160228,0.1288476693360994,0.07322284790176849,0.09567849306718407,0.09013719121233965,0.06372424494834009,0.09669911552292815,0.04042243119632285,0.04262901533069624,0.043099202418627816,0.12147693419896696,0.13943823083004875,0.056338913071232614,0.05571874833923949,0.05605340234611549,0.11329906480883563,0.10823494899303521,0.08513709497942161,0.04291562700457924,0.05325901482643923,0.051272580921568285
2826.6666666666665,0.0924065298052993,0.09384209751132849,0.1980072577764393,0.12923604450899748,0.12700753202564533,0.2433057192494469,0.10839947122530336,0.14822726692737015,0.14966767288001828,0.12064511757106917,0.14661541089370547,0.05498023880096089,0.061214246508170984,0.06618006821075731,0.1536005091656014,0.191218005136323,0.09110097428878662,0.09168050005745369,0.10633409282693211,0.17520489337001632,0.15932520498181074,0.1619220326426015,0.07683981794112796,0.08096137702489072,0.08746758942374465
2833.3333333333335,0.1654251980400703,0.1156052659696716,0.18418250414904577,0.20403382366612471,0.22699129841554705,0.3211451866591879,0.17524442172972154,0.23755688475644968,0.23768044652823922,0.22442486284046875,0.22688982615725245,0.07815143852278394,0.11893757226434057,0.13659065235909204,0.1919061006312698,0.2624559772445122,0.19183729214647277,0.1905243133536044,0.22771713262817747,0.27646975749454455,0.2543548728274636,0.31631319466559754,0.17824696655805644,0.14489956481487712,0.18862185285968897
2840.0,0.3131870896131442,0.18369210915325912,0.19449134762552786,0.33934958924108194,0.4431317902414943,0.555167847965209,0.3593518901626426,0.4684758547225046,0.5086554161321275,0.4483651735821299,0.4260531197806595,0.1373797945359974,0.3700472148636229,0.3958975685315465,0.24492296507176595,0.3344267254671382,0.4408930851675755,0.43069412019112685,0.521418296949526,0.5233405952872391,0.4829765143060096,0.5715561167706934,0.4484931550264395,0.3507051421417841,0.5463047392645954
2846.6666666666665,0.7977798008178522,0.3415312189695239,0.32273167077762094,0.6943421018490934,0.6676359661000731,0.8951723755028184,0.9030159010435688,0.9358399596399078,0.9026873878007319,0.887057342005218,0.9667324731605159,0.3210769234630591,0.6499826892523376,0.6481082315255127,0.2939351478754593,0.5626761345039538,0.7118763471924707,0.6806747956734878,0.8329321131115895,0.9513215195414272,0.9039279687459448,0.6572773138823069,0.7444409012033057,0.7253730688369261,0.9704837676384475
2853.3333333333335,1.0,0.4081206717362837,0.4524503965064535,0.9574275007620311,0.5796051805022182,0.8800553070470022,1.0,0.8585265523084253,0.827670241965359,0.762900285320803,1.0,0.5094113570953708,0.5119446653737384,0.5383309930915935,0.33150875786637524,0.8104947921886079,0.5706657573259774,0.5524977291591273,0.6928508064998686,0.9378332267242855,0.9163548900839137,0.6179090799503203,0.5818938712003078,0.5571974096571709,0.7958403778710037
2860.0,0.8420318425524661,0.4107513544097304,0.503368204946767,0.8768922058649864,0.5719594224510178,0.8705950005522188,0.8232630862700834,0.744193827632413,0.7211647609236774,0.6778594172510228,0.8384273525191582,0.5314157618156561,0.4276004342019301,0.43813510971503233,0.3672316727536357,0.7900009384362818,0.4925213582869276,0.47609665265742346,0.6022418561392927,0.7907637710743148,0.7672629149032959,0.6131494307573585,0.4979972381808637,0.5041691554926561,0.7207494548766773
2866.6666666666665,0.7227268555810601,0.4265390592462872,0.7862228081895078,0.7935987239336132,0.5796035480247131,1.0,0.7227628282862676,0.7041340929647122,0.7063024331504911,0.6583603875261276,0.754787543419174,0.5335119460569968,0.3877643188511608,0.3899104522922381,0.41291285234724273,0.7261326158222573,0.4568674185032378,0.4411783911073176,0.5546884100286279,0.7701759828909215,0.7384199002666102,0.6447292624893575,0.46514646592680964,0.46959813613010337,0.6703105710681302
2873.3333333333335,0.7632697941679166,0.4866281897086118,0.5599367845337697,0.8466199133928499,0.7036912208716158,0.8876801484182685,0.788592081133087,0.8345552718178777,0.838336427025426,0.7861453276375786,0.8490108474917903,0.6678342796757784,0.5033582915713655,0.4935696414927762,0.5024152110311092,0.7768567616783174,0.5516859985561664,0.5413942768043929,0.650049142328055,0.8335460312215528,0.7992588983422079,0.8491116190921452,0.5624677413290803,0.5297334175372105,0.7547535237547794
2880.0,0.795196651962739,0.5545701949824108,0.5391795161879299,0.8417513246466631,1.0,0.8217079012556372,0.8661955580325601,1.0,1.0,0.9580401344301672,0.9298879358296447,0.6161078095277134,1.0,1.0,0.5368068545872265,0.8063627031311671,1.0,1.0,1.0,0.9222278575621604,0.8951042178484719,1.0,1.0,0.868298549915377,1.0
2886.6666666666665,0.8652817275736696,0.6068622451441781,0.7391839886481629,0.9131188834652442,0.7241068709446137,0.8877261350251563,0.9610513547693182,0.9212281260135492,0.9559298598427137,1.0,0.9763389123801622,0.5540687098911243,0.729965471871291,0.747051468675312,0.5247572729016026,0.8263163760726226,0.6249505517788598,0.5723020501780623,0.720340360354074,0.9945446820253425,0.9879853940873926,0.8096841814371036,0.8534093799818008,1.0,0.8354052502364012
2893.3333333333335,0.9007872976056917,0.6525789885993734,0.8242041992901274,0.9795175139642586,0.5046988622658828,0.9045253815226306,0.9799704290982447,0.8428378066414817,0.8552300509487131,0.813913196633809,0.9529462059929144,0.5749121346544628,0.3956004108315313,0.41615244738436785,0.5550490369413803,0.8843107717116302,0.4415704933371177,0.38266552722156427,0.5752878905789399,1.0,1.0,0.5987124306295445,0.513119240671539,0.6023870579699376,0.6614333377779207
2900.0,0.8970283416011591,0.6862287722855256,0.7987249710898924,1.0,0.4401693211698328,0.8915363644914003,0.9653623222934773,0.8718892940073952,0.8039488079330731,0.7884852865004958,0.9314917365107137,0.6130751505127077,0.35770374207936295,0.3714066748587686,0.6015335607520004,0.918300545982433,0.38803544677880053,0.3393654159841155,0.5153008464151064,0.9700675652294221,0.965204901652522,0.5480772238062269,0.43283026296513644,0.48231604536478,0.6002504728294614
2906.6666666666665,0.858301979624116,0.702551601892529,0.8793416704134888,0.9887575346379291,0.3886438477349033,0.8571316406053787,0.9122581616674615,0.8163784098371322,0.7453109725053698,0.7389101600514848,0.8853558417902077,0.6646451817559687,0.29128858786193457,0.32599628742762393,0.6481179020361376,0.9579756507724362,0.3420111627330495,0.30434586529108804,0.44460161161386325,0.9238580266332016,0.9012524130533668,0.4859489064872135,0.35175592231186925,0.41126039471943365,0.5311089767852861
2913.3333333333335,0.8177494844224628,0.7374069292993587,0.7374889237598307,0.9603170657537564,0.3461893734658593,0.8023735081155977,0.8537509403125488,0.7121827450692109,0.6935089058593512,0.6638053893537221,0.8472365029324167,0.7086259688369769,0.25258933578654935,0.262129544183497,0.6852369082607288,0.927046695283053,0.29457978604093266,0.26664044192587827,0.37999464392275417,0.8953567281589211,0.8513252449364226,0.40248591851998655,0.2936382634278936,0.33255579610744435,0.4684549339897351
2920.0,0.7931297433141917,0.79814896810667,0.6963579680256003,0.944830595280528,0.3283995860686603,0.8077293605307112,0.8200823564959815,0.6848090722620375,0.6699101570148768,0.6361282203992203,0.8451652113576476,0.725424716676652,0.2635751944136375,0.2691687538288851,0.6794429955996849,0.8670908569779662,0.27290753372931775,0.24313119139920655,0.36007230702615867,0.8962747525907673,0.8320786867646178,0.3770504892457436,0.2552886961161675,0.2910115858688517,0.4611516429719333
2926.6666666666665,0.8020590219639302,0.8949371063596916,0.814527958825905,0.9368885645506855,0.3276062976855453,0.8645866126530573,0.811691305903066,0.703536488497123,0.6603319156259776,0.6039970379264328,0.8503789606668957,0.7547029114291586,0.2994112960414563,0.29501094820273804,0.65355393366251,0.8801289503471845,0.25918442367603745,0.22691663464508652,0.3787250634115475,0.9053729903135984,0.812913289595954,0.4505905586574928,0.25734728426999803,0.3077901597871282,0.4998365073400396
2933.3333333333335,0.7884995131348784,1.0,1.0,0.9265167807813225,0.31537315265469446,0.918230456151207,0.7778902269032216,0.7175056633876321,0.6573316597236267,0.5873284030259823,0.84717481297196,0.8999287045910361,0.23411985005311564,0.2572767490051744,0.7118581078480856,0.9493386841917577,0.2441214064903458,0.2070187808091693,0.4059119734968934,0.8400599645055427,0.7577205428165276,0.47055886925550766,0.26915826295237233,0.3346867056447932,0.49727999722380684
2940.0,0.7150471498577957,0.958770585025059,0.8410595184747908,0.8543088231146964,0.25717567337364367,0.7995433100227339,0.6790482261066669,0.6579596460524457,0.6058206049528208,0.5210507292344057,0.7560122584236236,1.0,0.20777372288675117,0.21311703282122962,0.6590519896699385,0.8544147949434026,0.22090370344137084,0.19892910484496357,0.34877900353952485,0.648980135739942,0.6008971522415792,0.3694116288116142,0.23353736915996332,0.23093124830061448,0.38898883389370326
2946.6666666666665,0.5277553753513743,0.7953627868052079,0.823354946640991,0.6481707121160087,0.14929824325953583,0.738488057761278,0.4932366725793326,0.4526217514274259,0.4656436588818124,0.3747985526042104,0.5416064308153735,0.7481919461763343,0.1349978542316671,0.1188026064935212,0.5364525947941113,0.6395689754952144,0.14414215707691247,0.1372062373596112,0.23873088311441784,0.5064015013397857,0.4817092338852009,0.2607219736566669,0.14954477703534494,0.138020800924047,0.20791033590489577
2953.3333333333335,0.4381546810508592,0.6578831991171316,0.6881902917020938,0.5470847159851103,0.12092716457007191,0.6480750737058291,0.4355991665496285,0.4092245175868308,0.39150583611468015,0.33537412637936287,0.47211425117967704,0.5815534069690466,0.09208371332732612,0.09354414512075122,0.49545220895146486,0.5325570934677637,0.10933474859401467,0.09551419329588627,0.21017799427630537,0.4739140252523192,0.47132996841878333,0.19755563287248784,0.12115835034934476,0.13012694832490646,0.14255693558770585
2960.0,0.4086174250500295,0.5642025909123368,0.6878582761703941,0.5120988484923759,0.13599624979104644,0.5679991195254233,0.4181323396195528,0.42061984742530745,0.3713997827650058,0.32168302513111563,0.47952609144687625,0.5407129445325499,0.08001429044586877,0.08943691035344682,0.479883096648985,0.4852437313769802,0.09740763794577918,0.080568448577739,0.19880980753604793,0.4462173536824565,0.4251699940126654,0.16323051202815,0.11321573496963747,0.1353101495870313,0.1305081120249781
2966.6666666666665,0.3687614965183375,0.48584365689860876,0.5487866590920739,0.44291463142746834,0.09761055326407615,0.5906346829856803,0.3589550510110192,0.3308472775692123,0.3141049114889261,0.249032597131495,0.43878928332654027,0.47751708818859523,0.10756676529460087,0.11962865075876054,0.4659368499196613,0.46726809902329697,0.06862207296827301,0.06101357382202797,0.16324904283477557,0.3895039734773722,0.32745580009306385,0.13770108070927747,0.08434207858407596,0.08783893697607238,0.11848264770030154
2973.3333333333335,0.3014246071570036,0.42264874486576764,0.45092458199404994,0.34372710593806766,0.06766490227260108,0.44593291762816345,0.2860231114410506,0.2407899593686017,0.24075412892862705,0.18362149943664857,0.3860441937395077,0.36664985264819044,0.04122934805027441,0.04584250302419911,0.40734265986400486,0.40704118723965815,0.04837165195922648,0.04348837428598761,0.12795846011924603,0.3462827238849552,0.2512211994204963,0.11582018839798261,0.05011776080302483,0.0641431773759582,0.08509101790244353
2980.0,0.24402158994695555,0.35326898122020794,0.2981504850878033,0.26716448167116086,0.058564737751070677,0.2746520633944879,0.22291539938513874,0.19096295781166842,0.1965358324672577,0.14714386249109235,0.334817679079382,0.2613082895258892,0.027600312022000178,0.028603598628327735,0.32429588723978753,0.3132479970530568,0.040776928524620955,0.0388577304824169,0.10559207691022562,0.29414108910704584,0.20606429543377858,0.10883693784373198,0.040627932596291765,0.04944989881225206,0.0618274970113516
2986.6666666666665,0.19181762796460955,0.29040583667165015,0.21288320047735476,0.21453989270204413,0.08602501712657387,0.1657879933197566,0.180301674209319,0.136359579298246,0.15545774862093314,0.13533171815599515,0.2735425879521708,0.19090411303773694,0.022529152331266736,0.022433292856529213,0.2653881221389933,0.24633309371864978,0.03278110719692043,0.03277971176402744,0.09090285021608653,0.2410719306966794,0.1818446711786348,0.11002941526916582,0.03490815157231968,0.035568895138380185,0.06444277434203383
2993.3333333333335,0.16573303288950875,0.23257060871382182,0.12445444442004752,0.19890189278305118,0.1101323514133634,0.11625829191890605,0.1593480167915034,0.10057005249238628,0.11796417729605728,0.13757784032145082,0.22061790957652092,0.1523402008982433,0.01934928589202378,0.01904270166761936,0.2527291649063192,0.21819004149487775,0.031883888001805555,0.03197570022233397,0.08608399981935368,0.228275557875712,0.1957049641006218,0.13652975742507226,0.034586059121788956,0.03609028843373415,0.039783483353495436
3000.0,0.1699352374932982,0.17710090956906116,0.07910246257837827,0.2306859402479485,0.0656156555834399,0.11274010740610771,0.15901920088872126,0.1100688968793549,0.11445534050365663,0.20028943240406946,0.20679815601544813,0.12320571748615783,0.016825390742916536,0.016309778051666352,0.3037176477218845,0.30238069185559663,0.039032863149228714,0.042682727667812,0.08996886967268589,0.26147653510942903,0.24781550280050788,0.13554771971896842,0.039545431112405736,0.06215087393207985,0.025287552784533134
3006.6666666666665,0.18398394764814063,0.13248691998597462,0.057323177258311216,0.3390382734627848,0.03858817528252223,0.13532288922326827,0.16363602050851242,0.19000946435300958,0.16103665762415137,0.20243392626885875,0.2456312573811357,0.10219709002341991,0.01485448826306746,0.014503123969670037,0.5227588660172073,0.5444887608533435,0.03450518241492524,0.03745958882575219,0.11125868335438475,0.24157251880997488,0.22941273893804295,0.08762089846553174,0.08204760677379135,0.06608249014793091,0.016968391997419768
3013.3333333333335,0.17109024146823734,0.10463488394108146,0.046582287929114535,0.3912049482109493,0.027629710607425115,0.1274583821151778,0.13986890898769427,0.2427107618978593,0.1863703837269954,0.11663015417105943,0.2646286133701446,0.0853635522903872,0.01356831441123348,0.013016682813373762,0.9408861515328635,1.0,0.04280083706845513,0.052307359819686414,0.10252356670439487,0.1681030776766463,0.1463005306934438,0.052550784361978575,0.09795692482803944,0.03278498939920877,0.016057040764958737
3020.0,0.1227772981245729,0.07800902830439593,0.046514357867836496,0.2578829379006469,0.01828219853245877,0.08636620421880148,0.10137141321618202,0.15365823056887026,0.127114202677938,0.07264787686780738,0.202278292343298,0.06862067864995147,0.011892851445562418,0.011329645840082465,1.0,0.9567503980820351,0.026645936712795058,0.030151918902827334,0.09473287143434272,0.12926830930661656,0.08204963217631622,0.03145606514056881,0.03195071284255291,0.019943257347112952,0.016525827084788558
3026.6666666666665,0.0913977450224621,0.05874309276723888,0.05214899575416538,0.13434243937902657,0.014321195003925173,0.06477339872925676,0.0687750941099272,0.08371405268327167,0.0720516962186753,0.04743737150300255,0.15911011431551092,0.055229726495659166,0.010852665281999064,0.010315148572549936,0.5995912532887852,0.5065699241664839,0.016298966966466474,0.018298506720655416,0.05066386651751095,0.12740997115099814,0.050686789874940914,0.02074758761519081,0.010158372415740967,0.014374691926660813,0.013159493157409313
3033.3333333333335,0.06221846877363027,0.046271720154809126,0.040781521382998724,0.07769274621596237,0.009672297700990751,0.05499660126949149,0.04851934927733882,0.049932146350423874,0.04122654512751403,0.03513997197170347,0.149005376059667,0.043042377795650955,0.009480828164559182,0.008869826092715766,0.310585024003971,0.25841240740806326,0.01255557020963285,0.014516688168651634,0.02843383091315186,0.12179797386948728,0.03619397095614402,0.015326915814739257,0.0018717098413004638,0.009954876388868985,0.012154294841173094
3040.0,0.048248345013118046,0.03553134480155051,0.0318048334010429,0.0509444409295778,0.008568129832003023,0.040089914354687596,0.03405470940326585,0.03344659004909367,0.03142626121484313,0.02713654895249865,0.12994885853738286,0.03264107875524679,0.00855510280249611,0.007692845159228788,0.18241918874168167,0.1533574308396255,0.011390010263866816,0.013020330484822682,0.022059250585050587,0.09961044260971268,0.026037870019851406,0.010649420881671942,0.0035479107955787553,0.006953122521025558,0.011050829011813536
3046.6666666666665,0.04049379000976539,0.031080367465196757,0.023872215383532427,0.03690326170978227,0.00793052631845331,0.028704131599469326,0.02611583241295656,0.025232519508357743,0.024976499839114805,0.02440650010188478,0.0973093335362587,0.02478709196231295,0.007492518675256856,0.0068360638373114084,0.12238421826571734,0.11311517131838358,0.01041012830244572,0.013267861714109134,0.017372976007583103,0.06885770349560733,0.020110169239051477,0.009706903075030448,0.0033810098108789342,0.005497758723112297,0.010129912183981103
3053.3333333333335,0.024325442320687278,0.024211720966605725,0.01758651391999036,0.02964228722434697,0.006872264611033438,0.024839968264454955,0.017576725628959962,0.020637603123520008,0.023110564464718573,0.02257559931269624,0.067800416778997,0.018813750255986875,0.0063813326899976085,0.006412660160924263,0.09144451137390419,0.08964908731870949,0.007019832627012478,0.00811578786235809,0.012128041458390979,0.04674659237519892,0.01699749400578503,0.00802112027401232,0.0,0.0037303767795439547,0.008949260946694326
3060.0,0.020286643820843393,0.02507133122427529,0.009886941608245428,0.02676207875892104,0.005356941144899061,0.01485010836539611,0.014079125059244753,0.01655151606331855,0.019893590292718366,0.021946596502425614,0.04597243217346281,0.014018841545470864,0.005931935796419093,0.005293462543168764,0.07535021538131682,0.07337075394514064,0.0061824470426115165,0.0072196520472359105,0.010331044171350414,0.03235738000694806,0.016009316188432262,0.007985791575082998,0.0031792102345267414,0.0036937654251290738,0.01036762959093398
3066.6666666666665,0.01915289465053047,0.023266640743803,0.006350628522209441,0.024871278261766345,0.004509169780505767,0.010722586870015616,0.00806000550609808,0.015417061273252002,0.014442225072189573,0.022550789063305113,0.03047053103221493,0.010438722544228061,0.005632758748674425,0.004535569835820889,0.06927648702215776,0.05499113757996239,0.005161808070009355,0.0062921321263164805,0.009345790767530691,0.02208716628904277,0.014473118204959948,0.007176530454996159,0.006335888475587146,0.003697418652741089,0.009518831082224974
3073.3333333333335,0.006523200428563334,0.013175318462500146,0.0037761854633808906,0.01919893256872582,0.0028875715049299904,0.009161115726658873,0.005896307084733401,0.012076527698985333,0.006989089121475683,0.012524763976708946,0.018891458118354017,0.007612201594200443,0.005015098334568329,0.004361482663846133,0.05975901432223592,0.08027492379853812,0.004687332929755235,0.005439956535743353,0.009633179677942045,0.01253627399236509,0.009767756409222068,0.004876172639733214,0.005949946919493893,0.003303780902639004,0.008703725272231606
3080.0,0.011062305044940116,0.008995967968780981,0.0013629368845630633,0.01218297049737616,0.0016322210407145395,0.005116390165803737,0.006172033972288926,0.007130985651811657,0.00416538396386341,0.012061903257896855,0.009916397388846023,0.005249141747235681,0.004143325992478582,0.0042530351369637984,0.04396117884041179,0.03834200032309538,0.0041991801146019055,0.004341476817801303,0.008279651023349969,0.007014182615841947,0.006425216513083938,0.0033125110194970686,0.0034337573827346144,0.002547074956934414,0.008167065827274105
3086.6666666666665,0.010801342670400033,0.00560614497751698,0.00023062464101058472,0.006513271922211437,0.0011652650725393478,0.003372815552364759,0.0035630691018485104,0.003958785393674974,0.005163787595526164,0.010259721427078662,0.005387738184352899,0.003223588214264189,0.002771065786889968,0.002900670093268171,0.03258758599999148,0.030270174171901785,0.0030046908539065604,0.003682780284929339,0.004346562590706368,0.003556798900357446,0.002860442276042258,0.001915202356907072,0.002779060922861849,0.0015142952142390865,0.007914975584385057
3093.3333333333335,0.004683094905149296,0.004317108205627588,0.0,0.0032646683928766983,0.0013273030608698772,0.000675938405916788,0.001308741585476123,0.0025052891907670766,0.003303567578840188,0.006543975282131847,0.0028368310911549887,0.0022058871616997587,0.0013208105835349872,0.001543568181514928,0.023162111301301833,0.0218094944269589,0.0019017989055494402,0.0022178434366093027,0.0038433721389730907,0.0011628885417371677,0.0012203642484223314,0.0,0.0023600249912047516,0.0011106681164325368,0.00798232067374019
3100.0,0.0005362840570263025,0.0,0.0019934634116631532,0.0,0.0,0.0,0.0,0.0,0.0,0.005255671859004272,0.0,0.0,0.0,0.0,0.018880264290619387,0.01005307331564282,0.0,0.0,0.003616657829893576,0.0,0.0,0.00016773204963798459,0.0069187873945602395,0.0,0.00839648074413046
